,한자,등급(대한검정회),등급(한국어문회),등급(기초교육용)
0,嫁,1.0,1.0,심화
1,恪,1.0,1.0,심화
2,侃,1.0,0.0,심화
3,玕,1.0,0.0,심화
4,揀,1.0,1.0,심화
5,澗,1.0,1.0,심화
6,喝,1.0,1.0,심화
7,柑,1.0,1.0,심화
8,勘,1.0,1.0,심화
9,匣,1.0,1.0,심화
10,堈,1.0,0.0,심화
11,杠,1.0,0.0,심화
12,橿,1.0,0.0,심화
13,愷,1.0,0.0,심화
14,漑,1.0,1.0,심화
15,渠,1.0,1.0,심화
16,愆,1.0,0.0,심화
17,楗,1.0,0.0,심화
18,杰,1.0,2.0,심화
19,怯,1.0,1.0,심화
20,檄,1.0,1.0,심화
21,抉,1.0,0.0,심화
22,倞,1.0,0.0,심화
23,坰,1.0,0.0,심화
24,梗,1.0,1.0,심화
25,憬,1.0,1.0,심화
26,暻,1.0,0.0,심화
27,擎,1.0,0.0,심화
28,檠,1.0,0.0,심화
29,俓,1.0,0.0,심화
30,涇,1.0,0.0,심화
31,勁,1.0,1.0,심화
32,熲,1.0,0.0,심화
33,冏,1.0,0.0,심화
34,烓,1.0,0.0,심화
35,叩,1.0,1.0,심화
36,敲,1.0,1.0,심화
37,拷,1.0,1.0,심화
38,崑,1.0,0.0,심화
39,棍,1.0,1.0,심화
40,琨,1.0,0.0,심화
41,拱,1.0,1.0,심화
42,珙,1.0,0.0,심화
43,控,1.0,0.0,심화
44,廓,1.0,1.0,심화
45,棺,1.0,1.0,심화
46,灌,1.0,1.0,심화
47,琯,1.0,2.0,심화
48,瓘,1.0,0.0,심화
49,括,1.0,1.0,심화
50,侊,1.0,0.0,심화
51,洸,1.0,0.0,심화
52,珖,1.0,0.0,심화
53,桄,1.0,0.0,심화
54,匡,1.0,1.0,심화
55,曠,1.0,1.0,심화
56,炚,1.0,0.0,심화
57,拐,1.0,1.0,심화
58,槐,1.0,2.0,심화
59,宏,1.0,1.0,심화
60,喬,1.0,1.0,심화
61,攪,1.0,1.0,심화
62,嬌,1.0,1.0,심화
63,咎,1.0,0.0,심화
64,垢,1.0,1.0,심화
65,寇,1.0,1.0,심화
66,枸,1.0,1.0,심화
67,柩,1.0,1.0,심화
68,溝,1.0,1.0,심화
69,机,1.0,1.0,심화
70,潰,1.0,1.0,심화
71,橘,1.0,1.0,심화
72,戟,1.0,1.0,심화
73,剋,1.0,1.0,심화
74,墐,1.0,0.0,심화
75,漌,1.0,0.0,심화
76,劤,1.0,0.0,심화
77,昑,1.0,0.0,심화
78,扱,1.0,1.0,심화
79,汲,1.0,1.0,심화
80,亘,1.0,1.0,심화
81,妓,1.0,1.0,심화
82,淇,1.0,2.0,심화
83,璂,1.0,0.0,심화
84,玘,1.0,0.0,심화
85,杞,1.0,1.0,심화
86,埼,1.0,0.0,심화
87,崎,1.0,1.0,심화
88,圻,1.0,0.0,심화
89,嗜,1.0,1.0,심화
90,暣,1.0,0.0,심화
91,伎,1.0,1.0,심화
92,佶,1.0,0.0,심화
93,姞,1.0,0.0,심화
94,桔,1.0,0.0,심화
95,喫,1.0,1.0,심화
96,懦,1.0,1.0,심화
97,娜,1.0,0.0,심화
98,捏,1.0,1.0,심화
99,捺,1.0,1.0,심화
100,楠,1.0,0.0,심화
101,湳,1.0,0.0,심화
102,囊,1.0,1.0,심화
103,柰,1.0,0.0,심화
104,恬,1.0,0.0,심화
105,佞,1.0,0.0,심화
106,澹,1.0,1.0,심화
107,曇,1.0,1.0,심화
108,沓,1.0,0.0,심화
109,棠,1.0,1.0,심화
110,撞,1.0,1.0,심화
111,岱,1.0,0.0,심화
112,玳,1.0,0.0,심화
113,擡,1.0,1.0,심화
114,屠,1.0,1.0,심화
115,搗,1.0,1.0,심화
116,堵,1.0,1.0,심화
117,棹,1.0,0.0,심화
118,瀆,1.0,1.0,심화
119,犢,1.0,0.0,심화
120,墩,1.0,0.0,심화
121,暾,1.0,0.0,심화
122,憧,1.0,1.0,심화
123,潼,1.0,0.0,심화
124,垌,1.0,0.0,심화
125,枓,1.0,0.0,심화
126,烙,1.0,1.0,심화
127,珞,1.0,0.0,심화
128,瀾,1.0,1.0,심화
129,瓓,1.0,0.0,심화
130,狼,1.0,1.0,심화
131,琅,1.0,0.0,심화
132,崍,1.0,0.0,심화
133,倆,1.0,1.0,심화
134,戾,1.0,1.0,심화
135,漣,1.0,2.0,심화
136,攣,1.0,0.0,심화
137,璉,1.0,0.0,심화
138,冽,1.0,0.0,심화
139,洌,1.0,0.0,심화
140,濂,1.0,2.0,심화
141,伶,1.0,0.0,심화
142,姈,1.0,0.0,심화
143,昤,1.0,0.0,심화
144,怜,1.0,0.0,심화
145,撈,1.0,1.0,심화
146,彔,1.0,0.0,심화
147,瀧,1.0,0.0,심화
148,瓏,1.0,1.0,심화
149,儡,1.0,1.0,심화
150,壘,1.0,1.0,심화
151,琉,1.0,1.0,심화
152,戮,1.0,1.0,심화
153,崙,1.0,2.0,심화
154,淪,1.0,1.0,심화
155,侖,1.0,0.0,심화
156,慄,1.0,1.0,심화
157,凜,1.0,1.0,심화
158,凌,1.0,1.0,심화
159,俚,1.0,1.0,심화
160,俐,1.0,0.0,심화
161,璃,1.0,0.0,심화
162,悧,1.0,1.0,심화
163,潾,1.0,0.0,심화
164,璘,1.0,0.0,심화
165,琳,1.0,0.0,심화
166,淋,1.0,1.0,심화
167,瑪,1.0,0.0,심화
168,挽,1.0,1.0,심화
169,曼,1.0,0.0,심화
170,沫,1.0,1.0,심화
171,煤,1.0,1.0,심화
172,棉,1.0,1.0,심화
173,沔,1.0,2.0,심화
174,溟,1.0,1.0,심화
175,冒,1.0,3.0,고등
176,摸,1.0,1.0,심화
177,歿,1.0,1.0,심화
178,猫,1.0,1.0,심화
179,憮,1.0,1.0,심화
180,拇,1.0,1.0,심화
181,珷,1.0,0.0,심화
182,撫,1.0,1.0,심화
183,懋,1.0,0.0,심화
184,炆,1.0,0.0,심화
185,渼,1.0,0.0,심화
186,岷,1.0,0.0,심화
187,忞,1.0,0.0,심화
188,慜,1.0,0.0,심화
189,敃,1.0,0.0,심화
190,珀,1.0,1.0,심화
191,撲,1.0,1.0,심화
192,璞,1.0,0.0,심화
193,勃,1.0,1.0,심화
194,潑,1.0,1.0,심화
195,坊,1.0,1.0,심화
196,彷,1.0,1.0,심화
197,滂,1.0,0.0,심화
198,昉,1.0,1.0,심화
199,徘,1.0,1.0,심화
200,湃,1.0,1.0,심화
201,佰,1.0,0.0,심화
202,帆,1.0,1.0,심화
203,杋,1.0,0.0,심화
204,氾,1.0,1.0,심화
205,璧,1.0,1.0,심화
206,甁,1.0,1.0,심화
207,棅,1.0,0.0,심화
208,潽,1.0,2.0,심화
209,堡,1.0,1.0,심화
210,捧,1.0,1.0,심화
211,琫,1.0,0.0,심화
212,烽,1.0,1.0,심화
213,棒,1.0,1.0,심화
214,孵,1.0,1.0,심화
215,斧,1.0,1.0,심화
216,孚,1.0,0.0,심화
217,溥,1.0,0.0,심화
218,俯,1.0,1.0,심화
219,汾,1.0,0.0,심화
220,泌,1.0,2.0,심화
221,庇,1.0,1.0,심화
222,枇,1.0,0.0,심화
223,琵,1.0,1.0,심화
224,扉,1.0,1.0,심화
225,斌,1.0,0.0,심화
226,濱,1.0,1.0,심화
227,嬪,1.0,1.0,심화
228,牝,1.0,0.0,심화
229,憑,1.0,1.0,심화
230,夬,1.0,0.0,심화
231,咤,1.0,0.0,심화
232,唾,1.0,1.0,심화
233,惰,1.0,1.0,심화
234,倬,1.0,0.0,심화
235,琸,1.0,0.0,심화
236,晫,1.0,0.0,심화
237,擢,1.0,1.0,심화
238,嘆,1.0,0.0,심화
239,坦,1.0,1.0,심화
240,憚,1.0,1.0,심화
241,搭,1.0,1.0,심화
242,汰,1.0,1.0,심화
243,垞,1.0,0.0,심화
244,撐,1.0,1.0,심화
245,桶,1.0,1.0,심화
246,堆,1.0,1.0,심화
247,套,1.0,1.0,심화
248,妬,1.0,1.0,심화
249,婆,1.0,1.0,심화
250,巴,1.0,1.0,심화
251,杷,1.0,0.0,심화
252,琶,1.0,1.0,심화
253,坂,1.0,0.0,심화
254,浿,1.0,0.0,심화
255,佩,1.0,1.0,심화
256,沛,1.0,1.0,심화
257,澎,1.0,1.0,심화
258,烹,1.0,0.0,심화
259,枰,1.0,0.0,심화
260,庖,1.0,1.0,심화
261,泡,1.0,1.0,심화
262,瀑,1.0,1.0,심화
263,彪,1.0,0.0,심화
264,披,1.0,1.0,심화
265,珌,1.0,0.0,심화
266,佖,1.0,0.0,심화
267,廈,1.0,0.0,심화
268,壑,1.0,1.0,심화
269,澣,1.0,1.0,심화
270,涵,1.0,1.0,심화
271,姮,1.0,0.0,심화
272,偕,1.0,1.0,심화
273,楷,1.0,1.0,심화
274,倖,1.0,0.0,심화
275,珦,1.0,0.0,심화
276,墟,1.0,1.0,심화
277,奕,1.0,0.0,심화
278,晛,1.0,0.0,심화
279,泫,1.0,0.0,심화
280,玹,1.0,0.0,심화
281,俠,1.0,1.0,심화
282,挾,1.0,1.0,심화
283,浹,1.0,0.0,심화
284,珩,1.0,0.0,심화
285,泂,1.0,0.0,심화
286,熒,1.0,0.0,심화
287,彗,1.0,1.0,심화
288,嵇,1.0,0.0,심화
289,憓,1.0,0.0,심화
290,淏,1.0,0.0,심화
291,灝,1.0,0.0,심화
292,琥,1.0,1.0,심화
293,瑚,1.0,1.0,심화
294,壺,1.0,0.0,심화
295,濩,1.0,0.0,심화
296,弧,1.0,1.0,심화
297,狐,1.0,1.0,심화
298,渾,1.0,1.0,심화
299,惚,1.0,1.0,심화
300,烘,1.0,0.0,심화
301,嬅,1.0,2.0,심화
302,樺,1.0,2.0,심화
303,喚,1.0,1.0,심화
304,奐,1.0,0.0,심화
305,渙,1.0,0.0,심화
306,晥,1.0,0.0,심화
307,徨,1.0,1.0,심화
308,惶,1.0,1.0,심화
309,堭,1.0,0.0,심화
310,媓,1.0,0.0,심화
311,榥,1.0,0.0,심화
312,煌,1.0,1.0,심화
313,恍,1.0,1.0,심화
314,璜,1.0,0.0,심화
315,徊,1.0,1.0,심화
316,恢,1.0,1.0,심화
317,晦,1.0,1.0,심화
318,檜,1.0,2.0,심화
319,澮,1.0,0.0,심화
320,涍,1.0,0.0,심화
321,斅,1.0,0.0,심화
322,嚆,1.0,1.0,심화
323,焄,1.0,0.0,심화
324,燻,1.0,0.0,심화
325,喧,1.0,1.0,심화
326,暄,1.0,0.0,심화
327,彙,1.0,1.0,심화
328,暉,1.0,0.0,심화
329,欣,1.0,1.0,심화
330,炘,1.0,0.0,심화
331,昕,1.0,0.0,심화
332,屹,1.0,0.0,심화
333,洽,1.0,1.0,심화
334,恰,1.0,1.0,심화
335,晞,1.0,0.0,심화
336,僖,1.0,0.0,심화
337,凞,1.0,0.0,심화
338,爔,1.0,0.0,심화
339,曦,1.0,0.0,심화
340,伽,1.5,2.0,심화
341,嘉,1.5,1.0,심화
342,柯,1.5,2.0,심화
343,殼,1.5,1.0,심화
344,珏,1.5,2.0,심화
345,墾,1.5,1.0,심화
346,奸,1.5,1.0,심화
347,杆,1.5,2.0,심화
348,堪,1.5,1.0,심화
349,岬,1.5,2.0,심화
350,姜,1.5,2.0,심화
351,彊,1.5,2.0,심화
352,岡,1.5,2.0,심화
353,慷,1.5,1.0,심화
354,价,1.5,2.0,심화
355,凱,1.5,1.0,심화
356,塏,1.5,2.0,심화
357,桀,1.5,2.0,심화
358,劫,1.5,1.0,심화
359,甄,1.5,2.0,심화
360,儆,1.5,2.0,심화
361,璟,1.5,2.0,심화
362,瓊,1.5,2.0,심화
363,屆,1.5,0.0,심화
364,昆,1.5,1.0,심화
365,串,1.5,2.0,심화
366,款,1.5,2.0,심화
367,仇,1.5,1.0,심화
368,灸,1.5,1.0,심화
369,毆,1.5,1.0,심화
370,玖,1.5,2.0,심화
371,掘,1.5,2.0,심화
372,倦,1.5,1.0,심화
373,圭,1.5,2.0,심화
374,奎,1.5,2.0,심화
375,揆,1.5,2.0,심화
376,珪,1.5,2.0,심화
377,棘,1.5,1.0,심화
378,瑾,1.5,2.0,심화
379,兢,1.5,2.0,심화
380,冀,1.5,2.0,심화
381,岐,1.5,2.0,심화
382,棋,1.5,2.0,심화
383,琦,1.5,2.0,심화
384,琪,1.5,2.0,심화
385,璣,1.5,2.0,심화
386,沂,1.5,2.0,심화
387,拏,1.5,1.0,심화
388,溺,1.5,2.0,심화
389,湍,1.5,2.0,심화
390,撻,1.5,1.0,심화
391,塘,1.5,2.0,심화
392,燾,1.5,2.0,심화
393,濤,1.5,1.0,심화
394,惇,1.5,2.0,심화
395,燉,1.5,2.0,심화
396,乭,1.5,2.0,심화
397,杜,1.5,2.0,심화
398,懶,1.5,1.0,심화
399,剌,1.5,1.0,심화
400,拉,1.5,2.0,심화
401,亮,1.5,2.0,심화
402,侶,1.5,1.0,심화
403,呂,1.5,2.0,심화
404,廬,1.5,2.0,심화
405,斂,1.5,1.0,심화
406,玲,1.5,2.0,심화
407,劉,1.5,2.0,심화
408,楞,1.5,2.0,심화
409,吝,1.5,1.0,심화
410,寞,1.5,1.0,심화
411,寐,1.5,1.0,심화
412,昧,1.5,1.0,심화
413,冕,1.5,2.0,심화
414,俛,1.5,2.0,심화
415,牟,1.5,2.0,심화
416,帽,1.5,2.0,심화
417,牡,1.5,1.0,심화
418,描,1.5,1.0,심화
419,昴,1.5,2.0,심화
420,巫,1.5,1.0,심화
421,毋,1.5,1.0,심화
422,汶,1.5,2.0,심화
423,彌,1.5,2.0,심화
424,悶,1.5,1.0,심화
425,旻,1.5,2.0,심화
426,旼,1.5,2.0,심화
427,玟,1.5,2.0,심화
428,珉,1.5,2.0,심화
429,潘,1.5,2.0,심화
430,渤,1.5,2.0,심화
431,旁,1.5,2.0,심화
432,帛,1.5,1.0,심화
433,卞,1.5,2.0,심화
434,弁,1.5,2.0,심화
435,昺,1.5,2.0,심화
436,柄,1.5,2.0,심화
437,炳,1.5,2.0,심화
438,僕,1.5,1.0,심화
439,剖,1.5,1.0,심화
440,傅,1.5,2.0,심화
441,敷,1.5,2.0,심화
442,噴,1.5,1.0,심화
443,忿,1.5,1.0,심화
444,焚,1.5,1.0,심화
445,丕,1.5,2.0,심화
446,匕,1.5,1.0,심화
447,毘,1.5,2.0,심화
448,毖,1.5,2.0,심화
449,彬,1.5,2.0,심화
450,泗,1.5,2.0,심화
451,奢,1.5,1.0,심화
452,嗣,1.5,1.0,심화
453,徙,1.5,1.0,심화
454,撒,1.5,1.0,심화
455,庠,1.5,2.0,심화
456,嗇,1.5,1.0,심화
457,牲,1.5,1.0,심화
458,棲,1.5,1.0,심화
459,奭,1.5,2.0,심화
460,晳,1.5,2.0,심화
461,瑄,1.5,2.0,심화
462,璇,1.5,2.0,심화
463,璿,1.5,2.0,심화
464,卨,1.5,2.0,심화
465,暹,1.5,2.0,심화
466,燮,1.5,2.0,심화
467,晟,1.5,2.0,심화
468,巢,1.5,2.0,심화
469,沼,1.5,2.0,심화
470,宋,1.5,2.0,심화
471,悚,1.5,1.0,심화
472,戍,1.5,1.0,심화
473,塾,1.5,1.0,심화
474,洵,1.5,2.0,심화
475,淳,1.5,2.0,심화
476,珣,1.5,2.0,심화
477,瑟,1.5,2.0,심화
478,媤,1.5,1.0,심화
479,尸,1.5,0.0,심화
480,弑,1.5,1.0,심화
481,猜,1.5,1.0,심화
482,柴,1.5,2.0,심화
483,湜,1.5,2.0,심화
484,娠,1.5,1.0,심화
485,瀋,1.5,2.0,심화
486,啞,1.5,1.0,심화
487,嶽,1.5,0.0,심화
488,斡,1.5,1.0,심화
489,庵,1.5,1.0,심화
490,埃,1.5,2.0,심화
491,倻,1.5,2.0,심화
492,彦,1.5,2.0,심화
493,姸,1.5,2.0,심화
494,淵,1.5,2.0,심화
495,捐,1.5,1.0,심화
496,燁,1.5,2.0,심화
497,瑛,1.5,2.0,심화
498,瑩,1.5,2.0,심화
499,濊,1.5,2.0,심화
500,伍,1.5,1.0,심화
501,吳,1.5,2.0,심화
502,墺,1.5,2.0,심화
503,沃,1.5,2.0,심화
504,擁,1.5,3.0,고등
505,甕,1.5,2.0,심화
506,旺,1.5,2.0,심화
507,汪,1.5,2.0,심화
508,倭,1.5,2.0,심화
509,夭,1.5,1.0,심화
510,姚,1.5,2.0,심화
511,溶,1.5,2.0,심화
512,瑢,1.5,2.0,심화
513,佑,1.5,2.0,심화
514,寓,1.5,1.0,심화
515,旭,1.5,2.0,심화
516,昱,1.5,2.0,심화
517,煜,1.5,2.0,심화
518,熊,1.5,2.0,심화
519,媛,1.5,2.0,심화
520,瑗,1.5,2.0,심화
521,渭,1.5,2.0,심화
522,喩,1.5,1.0,심화
523,庾,1.5,2.0,심화
524,兪,1.5,2.0,심화
525,楡,1.5,2.0,심화
526,允,1.5,2.0,심화
527,垠,1.5,2.0,심화
528,殷,1.5,2.0,심화
529,姨,1.5,1.0,심화
530,珥,1.5,2.0,심화
531,怡,1.5,2.0,심화
532,咽,1.5,1.0,심화
533,佾,1.5,2.0,심화
534,滋,1.5,2.0,심화
535,炙,1.5,1.0,심화
536,匠,1.5,1.0,심화
537,庄,1.5,2.0,심화
538,杖,1.5,1.0,심화
539,樟,1.5,0.0,심화
540,璋,1.5,2.0,심화
541,呈,1.5,2.0,심화
542,晶,1.5,2.0,심화
543,珽,1.5,2.0,심화
544,旌,1.5,2.0,심화
545,楨,1.5,2.0,심화
546,汀,1.5,2.0,심화
547,悌,1.5,1.0,심화
548,爪,1.5,1.0,심화
549,曹,1.5,1.0,심화
550,曺,1.5,2.0,심화
551,琮,1.5,2.0,심화
552,做,1.5,1.0,심화
553,廚,1.5,1.0,심화
554,准,1.5,2.0,심화
555,埈,1.5,2.0,심화
556,峻,1.5,2.0,심화
557,晙,1.5,2.0,심화
558,浚,1.5,2.0,심화
559,濬,1.5,2.0,심화
560,址,1.5,2.0,심화
561,晉,1.5,0.0,심화
562,叱,1.5,1.0,심화
563,斟,1.5,1.0,심화
564,叉,1.5,1.0,심화
565,燦,1.5,2.0,심화
566,璨,1.5,2.0,심화
567,瓚,1.5,2.0,심화
568,敞,1.5,2.0,심화
569,昶,1.5,2.0,심화
570,埰,1.5,2.0,심화
571,喆,1.5,2.0,심화
572,澈,1.5,2.0,심화
573,捷,1.5,1.0,심화
574,楚,1.5,2.0,심화
575,囑,1.5,1.0,심화
576,叢,1.5,1.0,심화
577,崔,1.5,2.0,심화
578,椿,1.5,2.0,심화
579,沖,1.5,2.0,심화
580,仄,1.5,0.0,심화
581,惻,1.5,1.0,심화
582,侈,1.5,1.0,심화
583,峙,1.5,2.0,심화
584,勅,1.5,1.0,심화
585,呑,1.5,1.0,심화
586,灘,1.5,2.0,심화
587,兌,1.5,2.0,심화
588,台,1.5,2.0,심화
589,坡,1.5,2.0,심화
590,牌,1.5,1.0,심화
591,彭,1.5,2.0,심화
592,扁,1.5,2.0,심화
593,哺,1.5,1.0,심화
594,杓,1.5,2.0,심화
595,弼,1.5,2.0,심화
596,乏,1.5,1.0,심화
597,瑕,1.5,1.0,심화
598,函,1.5,1.0,심화
599,亢,1.5,2.0,심화
600,沆,1.5,2.0,심화
601,懈,1.5,1.0,심화
602,杏,1.5,2.0,심화
603,爀,1.5,2.0,심화
604,峴,1.5,2.0,심화
605,炫,1.5,2.0,심화
606,狹,1.5,1.0,심화
607,瀅,1.5,2.0,심화
608,炯,1.5,2.0,심화
609,昊,1.5,2.0,심화
610,晧,1.5,2.0,심화
611,壕,1.5,2.0,심화
612,濠,1.5,2.0,심화
613,扈,1.5,2.0,심화
614,泓,1.5,2.0,심화
615,桓,1.5,2.0,심화
616,煥,1.5,2.0,심화
617,猾,1.5,1.0,심화
618,晃,1.5,2.0,심화
619,滉,1.5,2.0,심화
620,淮,1.5,2.0,심화
621,后,1.5,2.0,심화
622,熏,1.5,2.0,심화
623,壎,1.5,2.0,심화
624,徽,1.5,2.0,심화
625,烋,1.5,2.0,심화
626,匈,1.5,2.0,심화
627,欠,1.5,1.0,심화
628,欽,1.5,2.0,심화
629,姬,1.5,2.0,심화
630,嬉,1.5,2.0,심화
631,熹,1.5,2.0,심화
632,憙,1.5,2.0,심화
633,犧,1.5,1.0,심화
634,幹,2.0,3.5,고등
635,懇,2.0,3.5,고등
636,憾,2.0,2.0,심화
637,剛,2.0,3.5,고등
638,慨,2.0,3.0,고등
639,坑,2.0,2.0,심화
640,乞,2.0,3.0,고등
641,揭,2.0,2.0,심화
642,牽,2.0,3.0,고등
643,徑,2.0,3.5,고등
644,炅,2.0,2.0,심화
645,桂,2.0,3.5,고등
646,哭,2.0,3.5,고등
647,寡,2.0,3.5,고등
648,寬,2.0,3.5,고등
649,狂,2.0,3.5,고등
650,卦,2.0,1.0,심화
651,掛,2.0,3.0,고등
652,塊,2.0,3.0,고등
653,愧,2.0,3.0,고등
654,傀,2.0,2.0,심화
655,僑,2.0,2.0,심화
656,狡,2.0,1.0,심화
657,丘,2.0,3.5,고등
658,俱,2.0,3.0,고등
659,狗,2.0,3.0,고등
660,懼,2.0,3.0,고등
661,歐,2.0,2.0,심화
662,圈,2.0,2.0,심화
663,厥,2.0,3.0,고등
664,叫,2.0,3.0,고등
665,僅,2.0,3.0,고등
666,槿,2.0,2.0,심화
667,棄,2.0,3.0,고등
668,忌,2.0,3.0,고등
669,奈,2.0,3.0,고등
670,惱,2.0,3.0,고등
671,尿,2.0,2.0,심화
672,尼,2.0,2.0,심화
673,泥,2.0,3.5,고등
674,匿,2.0,1.0,심화
675,旦,2.0,3.5,고등
676,潭,2.0,2.0,심화
677,唐,2.0,3.5,고등
678,垈,2.0,2.0,심화
679,戴,2.0,2.0,심화
680,渡,2.0,3.5,고등
681,挑,2.0,3.0,고등
682,桃,2.0,3.5,고등
683,悼,2.0,2.0,심화
684,塗,2.0,3.0,고등
685,凍,2.0,3.5,고등
686,桐,2.0,2.0,심화
687,棟,2.0,2.0,심화
688,屯,2.0,3.0,고등
689,洛,2.0,2.0,심화
690,欄,2.0,3.5,고등
691,爛,2.0,2.0,심화
692,濫,2.0,3.0,고등
693,廊,2.0,3.5,고등
694,掠,2.0,3.0,고등
695,梁,2.0,3.5,고등
696,曆,2.0,3.5,고등
697,煉,2.0,2.0,심화
698,廉,2.0,3.0,고등
699,獵,2.0,3.0,고등
700,爐,2.0,3.5,고등
701,僚,2.0,3.0,고등
702,漏,2.0,3.5,고등
703,淚,2.0,3.0,고등
704,屢,2.0,3.0,고등
705,摩,2.0,2.0,심화
706,幕,2.0,3.5,고등
707,漠,2.0,3.5,고등
708,慢,2.0,3.0,고등
709,漫,2.0,3.0,고등
710,灣,2.0,2.0,심화
711,娩,2.0,2.0,심화
712,埋,2.0,3.0,고등
713,媒,2.0,3.5,고등
714,枚,2.0,2.0,심화
715,猛,2.0,3.5,고등
716,滅,2.0,3.5,고등
717,侮,2.0,3.0,고등
718,沒,2.0,3.5,고등
719,憫,2.0,3.0,고등
720,泊,2.0,3.0,고등
721,叛,2.0,3.0,고등
722,伴,2.0,3.0,고등
723,搬,2.0,2.0,심화
724,拔,2.0,3.5,고등
725,傍,2.0,3.0,고등
726,倣,2.0,3.0,고등
727,俳,2.0,2.0,심화
728,伯,2.0,3.5,고등
729,柏,2.0,2.0,심화
730,煩,2.0,3.0,고등
731,僻,2.0,2.0,심화
732,屛,2.0,3.0,고등
733,倂,2.0,2.0,심화
734,封,2.0,3.5,고등
735,俸,2.0,2.0,심화
736,墳,2.0,3.0,고등
737,崩,2.0,3.0,고등
738,匪,2.0,2.0,심화
739,沙,2.0,3.5,고등
740,斜,2.0,3.5,고등
741,似,2.0,3.0,고등
742,唆,2.0,2.0,심화
743,傘,2.0,2.0,심화
744,揷,2.0,2.0,심화
745,桑,2.0,3.5,고등
746,嘗,2.0,3.0,고등
747,塞,2.0,3.5,고등
748,敍,2.0,3.0,고등
749,瑞,2.0,2.0,심화
750,旋,2.0,3.5,고등
751,攝,2.0,3.0,고등
752,召,2.0,3.0,고등
753,燒,2.0,3.5,고등
754,洙,2.0,2.0,심화
755,獸,2.0,3.5,고등
756,垂,2.0,3.5,고등
757,搜,2.0,3.0,고등
758,孰,2.0,3.0,고등
759,循,2.0,3.0,고등
760,殉,2.0,3.0,고등
761,升,2.0,2.0,심화
762,僧,2.0,3.5,고등
763,昇,2.0,3.5,고등
764,屍,2.0,2.0,심화
765,殖,2.0,2.0,심화
766,伸,2.0,3.0,고등
767,晨,2.0,3.0,고등
768,尋,2.0,3.0,고등
769,岳,2.0,3.0,고등
770,握,2.0,2.0,심화
771,按,2.0,1.0,심화
772,晏,2.0,1.0,심화
773,押,2.0,3.0,고등
774,殃,2.0,3.0,고등
775,厄,2.0,3.0,고등
776,惹,2.0,2.0,심화
777,孃,2.0,2.0,심화
778,御,2.0,3.5,고등
779,抑,2.0,3.5,고등
780,焉,2.0,3.0,고등
781,予,2.0,3.0,고등
782,燕,2.0,3.5,고등
783,厭,2.0,2.0,심화
784,影,2.0,3.5,고등
785,梧,2.0,2.0,심화
786,娛,2.0,3.0,고등
787,傲,2.0,3.0,고등
788,嗚,2.0,3.0,고등
789,獄,2.0,3.5,고등
790,歪,2.0,2.0,심화
791,搖,2.0,3.0,고등
792,妖,2.0,2.0,심화
793,堯,2.0,2.0,심화
794,庸,2.0,3.0,고등
795,傭,2.0,2.0,심화
796,偶,2.0,3.5,고등
797,僞,2.0,3.5,고등
798,尉,2.0,2.0,심화
799,惟,2.0,3.0,고등
800,幽,2.0,3.5,고등
801,愈,2.0,3.0,고등
802,尹,2.0,2.0,심화
803,潤,2.0,3.5,고등
804,淫,2.0,3.5,고등
805,凝,2.0,3.0,고등
806,夷,2.0,3.0,고등
807,伊,2.0,2.0,심화
808,姙,2.0,0.0,심화
809,刺,2.0,3.5,고등
810,恣,2.0,3.0,고등
811,玆,2.0,3.0,고등
812,爵,2.0,3.0,고등
813,暫,2.0,3.5,고등
814,掌,2.0,3.5,고등
815,墻,2.0,3.0,고등
816,宰,2.0,3.0,고등
817,摘,2.0,3.5,고등
818,寂,2.0,3.5,고등
819,滴,2.0,3.0,고등
820,殿,2.0,3.5,고등
821,漸,2.0,3.5,고등
822,偵,2.0,2.0,심화
823,劑,2.0,2.0,심화
824,燥,2.0,3.0,고등
825,措,2.0,2.0,심화
826,彫,2.0,2.0,심화
827,洲,2.0,3.5,고등
828,奏,2.0,3.5,고등
829,珠,2.0,3.5,고등
830,仲,2.0,3.5,고등
831,憎,2.0,3.5,고등
832,旨,2.0,2.0,심화
833,振,2.0,3.5,고등
834,津,2.0,2.0,심화
835,塵,2.0,2.0,심화
836,懲,2.0,3.0,고등
837,徵,2.0,3.5,고등
838,捉,2.0,3.0,고등
839,札,2.0,2.0,심화
840,刹,2.0,2.0,심화
841,慘,2.0,3.0,고등
842,慙,2.0,3.0,고등
843,斬,2.0,2.0,심화
844,暢,2.0,3.0,고등
845,滄,2.0,2.0,심화
846,彰,2.0,2.0,심화
847,彩,2.0,3.5,고등
848,悽,2.0,2.0,심화
849,斥,2.0,3.0,고등
850,徹,2.0,3.5,고등
851,撤,2.0,2.0,심화
852,滯,2.0,3.5,고등
853,抄,2.0,3.0,고등
854,哨,2.0,2.0,심화
855,焦,2.0,2.0,심화
856,燭,2.0,3.0,고등
857,寵,2.0,1.0,심화
858,催,2.0,3.5,고등
859,抽,2.0,3.0,고등
860,炊,2.0,2.0,심화
861,漆,2.0,3.5,고등
862,枕,2.0,3.0,고등
863,墮,2.0,3.0,고등
864,琢,2.0,2.0,심화
865,托,2.0,3.0,고등
866,殆,2.0,3.5,고등
867,把,2.0,3.0,고등
868,偏,2.0,3.5,고등
869,坪,2.0,2.0,심화
870,廢,2.0,3.5,고등
871,弊,2.0,3.5,고등
872,幣,2.0,3.0,고등
873,抛,2.0,2.0,심화
874,怖,2.0,2.0,심화
875,漂,2.0,3.0,고등
876,旱,2.0,3.0,고등
877,汗,2.0,3.5,고등
878,含,2.0,3.5,고등
879,奚,2.0,3.0,고등
880,玄,2.0,3.5,고등
881,懸,2.0,3.5,고등
882,嫌,2.0,3.0,고등
883,峽,2.0,2.0,심화
884,型,2.0,2.0,심화
885,兮,2.0,3.0,고등
886,慧,2.0,3.5,고등
887,浩,2.0,3.5,고등
888,互,2.0,3.0,고등
889,毫,2.0,3.0,고등
890,惑,2.0,3.5,고등
891,忽,2.0,3.5,고등
892,洪,2.0,3.5,고등
893,幻,2.0,2.0,심화
894,滑,2.0,2.0,심화
895,凰,2.0,1.0,심화
896,懷,2.0,3.5,고등
897,廻,2.0,2.0,심화
898,獲,2.0,3.5,고등
899,橫,2.0,3.5,고등
900,曉,2.0,3.0,고등
901,侯,2.0,3.0,고등
902,喉,2.0,2.0,심화
903,勳,2.0,2.0,심화
904,毁,2.0,3.0,고등
905,携,2.0,3.0,고등
906,熙,2.0,2.0,심화
907,戲,2.0,3.5,심화
908,噫,2.0,2.0,심화
909,暇,2.5,4.0,고등
910,架,2.5,3.5,고등
911,刻,2.5,4.0,고등
912,却,2.5,3.0,고등
913,刊,2.5,3.5,고등
914,姦,2.5,3.0,고등
915,槪,2.5,3.5,고등
916,介,2.5,3.5,고등
917,據,2.5,4.0,고등
918,拒,2.5,4.0,고등
919,傑,2.5,4.0,고등
920,劍,2.5,3.5,고등
921,憩,2.5,2.0,심화
922,擊,2.5,4.0,고등
923,激,2.5,4.0,고등
924,兼,2.5,3.5,고등
925,傾,2.5,4.0,고등
926,卿,2.5,3.0,고등
927,係,2.5,4.5,고등
928,械,2.5,3.5,고등
929,啓,2.5,3.5,고등
930,契,2.5,3.5,고등
931,姑,2.5,3.5,고등
932,枯,2.5,3.0,고등
933,孔,2.5,4.0,고등
934,攻,2.5,4.0,고등
935,供,2.5,3.5,고등
936,恭,2.5,3.5,고등
937,恐,2.5,3.5,고등
938,瓜,2.5,2.0,심화
939,戈,2.5,2.0,심화
940,冠,2.5,3.5,고등
941,慣,2.5,3.5,고등
942,怪,2.5,3.5,고등
943,壞,2.5,3.5,고등
944,巧,2.5,3.5,고등
945,構,2.5,4.0,고등
946,拘,2.5,3.5,고등
947,屈,2.5,4.0,고등
948,宮,2.5,4.5,고등
949,券,2.5,4.0,고등
950,拳,2.5,3.5,고등
951,劇,2.5,4.0,고등
952,克,2.5,3.5,고등
953,斤,2.5,3.0,고등
954,琴,2.5,3.5,고등
955,寄,2.5,4.0,고등
956,奇,2.5,4.0,고등
957,企,2.5,3.5,고등
958,機,2.5,4.0,고등
959,欺,2.5,3.0,고등
960,娘,2.5,3.5,고등
961,寧,2.5,3.5,고등
962,奴,2.5,3.5,고등
963,濃,2.5,2.0,심화
964,檀,2.5,4.5,고등
965,擔,2.5,4.5,고등
966,淡,2.5,3.5,고등
967,帶,2.5,4.5,고등
968,導,2.5,4.5,고등
969,倒,2.5,3.5,고등
970,毒,2.5,4.5,고등
971,敦,2.5,3.0,고등
972,亂,2.5,4.0,고등
973,慮,2.5,4.0,고등
974,勵,2.5,3.5,고등
975,戀,2.5,3.5,고등
976,憐,2.5,3.0,고등
977,劣,2.5,3.0,고등
978,嶺,2.5,3.5,고등
979,弄,2.5,3.5,고등
980,了,2.5,3.0,고등
981,樓,2.5,3.5,고등
982,栗,2.5,3.5,고등
983,吏,2.5,3.5,고등
984,履,2.5,3.5,고등
985,梨,2.5,3.0,고등
986,妄,2.5,3.5,고등
987,梅,2.5,3.5,고등
988,孟,2.5,3.5,고등
989,冥,2.5,3.0,고등
990,慕,2.5,3.5,고등
991,模,2.5,4.0,고등
992,募,2.5,3.0,고등
993,某,2.5,3.0,고등
994,沐,2.5,2.0,심화
995,夢,2.5,3.5,고등
996,廟,2.5,3.0,고등
997,微,2.5,3.5,고등
998,敏,2.5,3.0,고등
999,博,2.5,4.5,고등
1000,拍,2.5,4.0,고등
1001,妨,2.5,4.0,고등
1002,培,2.5,3.5,고등
1003,排,2.5,3.5,고등
1004,汎,2.5,2.0,심화
1005,壁,2.5,4.5,고등
1006,普,2.5,4.0,고등
1007,卜,2.5,3.0,고등
1008,峰,2.5,0.0,심화
1009,付,2.5,3.5,고등
1010,府,2.5,4.5,고등
1011,副,2.5,4.5,고등
1012,憤,2.5,4.0,고등
1013,奮,2.5,3.5,고등
1014,奔,2.5,3.5,고등
1015,弗,2.5,2.0,심화
1016,拂,2.5,3.5,고등
1017,批,2.5,4.0,고등
1018,妃,2.5,3.5,고등
1019,婢,2.5,3.5,고등
1020,卑,2.5,3.5,고등
1021,司,2.5,3.5,고등
1022,斯,2.5,3.0,고등
1023,捨,2.5,3.0,고등
1024,朔,2.5,3.0,고등
1025,削,2.5,3.5,고등
1026,森,2.5,3.5,심화
1027,像,2.5,3.5,고등
1028,償,2.5,3.5,고등
1029,徐,2.5,3.5,고등
1030,庶,2.5,3.0,고등
1031,恕,2.5,3.5,고등
1032,析,2.5,3.0,고등
1033,宣,2.5,4.0,고등
1034,涉,2.5,3.0,고등
1035,昭,2.5,3.0,고등
1036,屬,2.5,4.0,고등
1037,率,2.5,3.5,고등
1038,刷,2.5,3.5,고등
1039,帥,2.5,3.5,고등
1040,囚,2.5,3.0,고등
1041,殊,2.5,3.5,고등
1042,熟,2.5,3.5,고등
1043,旬,2.5,3.5,고등
1044,巡,2.5,3.5,고등
1045,濕,2.5,3.5,고등
1046,侍,2.5,3.5,고등
1047,愼,2.5,3.5,고등
1048,審,2.5,3.5,고등
1049,亞,2.5,3.5,고등
1050,牙,2.5,3.5,고등
1051,岸,2.5,3.5,고등
1052,壓,2.5,4.5,고등
1053,涯,2.5,3.0,고등
1054,液,2.5,4.5,심화
1055,壤,2.5,3.5,고등
1056,楊,2.5,3.0,고등
1057,樣,2.5,4.0,고등
1058,役,2.5,3.5,고등
1059,沿,2.5,3.5,고등
1060,演,2.5,4.5,고등
1061,宴,2.5,3.5,고등
1062,延,2.5,4.0,고등
1063,燃,2.5,4.0,고등
1064,染,2.5,3.5,고등
1065,泳,2.5,3.0,고등
1066,映,2.5,4.0,고등
1067,汚,2.5,3.0,고등
1068,慾,2.5,3.5,고등
1069,優,2.5,4.0,고등
1070,愚,2.5,3.5,고등
1071,援,2.5,4.0,고등
1072,圍,2.5,4.0,고등
1073,委,2.5,4.0,고등
1074,慰,2.5,4.0,고등
1075,悠,2.5,3.5,고등
1076,宜,2.5,3.0,고등
1077,儀,2.5,4.0,고등
1078,刃,2.5,2.0,심화
1079,姻,2.5,3.0,고등
1080,姿,2.5,4.0,고등
1081,殘,2.5,4.0,고등
1082,潛,2.5,3.5,고등
1083,丈,2.5,3.5,고등
1084,張,2.5,4.0,고등
1085,帳,2.5,4.0,고등
1086,獎,2.5,4.0,고등
1087,底,2.5,4.0,고등
1088,抵,2.5,3.5,고등
1089,折,2.5,4.0,고등
1090,占,2.5,4.0,고등
1091,廷,2.5,3.5,고등
1092,征,2.5,3.5,고등
1093,亭,2.5,3.5,고등
1094,整,2.5,4.0,고등
1095,堤,2.5,3.0,고등
1096,濟,2.5,4.5,고등
1097,提,2.5,4.5,고등
1098,條,2.5,4.0,고등
1099,潮,2.5,4.0,고등
1100,照,2.5,3.5,고등
1101,弔,2.5,3.0,고등
1102,拙,2.5,3.0,고등
1103,佐,2.5,3.0,고등
1104,座,2.5,4.0,고등
1105,株,2.5,3.5,고등
1106,周,2.5,4.0,고등
1107,柱,2.5,3.5,고등
1108,俊,2.5,3.0,고등
1109,準,2.5,4.5,고등
1110,池,2.5,3.5,고등
1111,珍,2.5,4.0,고등
1112,姪,2.5,3.0,고등
1113,差,2.5,4.0,고등
1114,倉,2.5,3.5,고등
1115,債,2.5,3.5,고등
1116,拓,2.5,3.5,고등
1117,戚,2.5,3.5,고등
1118,哲,2.5,3.5,고등
1119,添,2.5,3.0,고등
1120,尖,2.5,3.0,고등
1121,廳,2.5,4.0,고등
1122,妾,2.5,3.0,고등
1123,替,2.5,3.0,고등
1124,促,2.5,3.5,고등
1125,側,2.5,3.5,고등
1126,測,2.5,4.5,고등
1127,値,2.5,3.5,고등
1128,恥,2.5,3.5,고등
1129,侵,2.5,4.5,고등
1130,寢,2.5,4.0,고등
1131,沈,2.5,3.5,고등
1132,浸,2.5,3.5,고등
1133,妥,2.5,3.0,고등
1134,濁,2.5,3.0,고등
1135,濯,2.5,3.0,고등
1136,彈,2.5,4.0,고등
1137,歎,2.5,4.0,고등
1138,奪,2.5,3.5,고등
1139,塔,2.5,3.5,고등
1140,湯,2.5,3.5,고등
1141,怠,2.5,3.0,고등
1142,態,2.5,4.5,고등
1143,澤,2.5,3.5,고등
1144,擇,2.5,4.0,고등
1145,吐,2.5,3.5,고등
1146,兎,2.5,0.0,심화
1147,派,2.5,4.0,고등
1148,播,2.5,3.0,고등
1149,版,2.5,3.5,고등
1150,浦,2.5,3.5,고등
1151,捕,2.5,3.5,고등
1152,幅,2.5,3.0,고등
1153,爆,2.5,4.0,고등
1154,標,2.5,4.0,고등
1155,割,2.5,3.5,고등
1156,咸,2.5,3.0,고등
1157,巷,2.5,3.0,고등
1158,港,2.5,4.5,고등
1159,抗,2.5,4.0,고등
1160,核,2.5,4.0,고등
1161,享,2.5,3.0,고등
1162,獻,2.5,3.5,고등
1163,憲,2.5,4.0,고등
1164,弦,2.5,2.0,심화
1165,亨,2.5,3.0,고등
1166,昏,2.5,3.0,고등
1167,弘,2.5,3.0,고등
1168,擴,2.5,3.0,고등
1169,丸,2.5,3.0,고등
1170,換,2.5,3.5,고등
1171,環,2.5,4.0,고등
1172,況,2.5,4.0,고등
1173,灰,2.5,4.0,심화
1174,悔,2.5,3.5,고등
1175,劃,2.5,3.5,고등
1176,揮,2.5,4.0,고등
1177,渴,3.0,3.0,심화
1178,敢,3.0,4.0,심화
1179,居,3.0,4.0,심화
1180,乾,3.0,3.5,심화
1181,堅,3.0,4.0,심화
1182,孤,3.0,4.0,고등
1183,困,3.0,4.0,심화
1184,坤,3.0,3.0,심화
1185,勸,3.0,4.0,심화
1186,卷,3.0,4.0,심화
1187,勤,3.0,4.0,중등
1188,幾,3.0,3.0,심화
1189,旣,3.0,3.0,심화
1190,但,3.0,3.5,심화
1191,段,3.0,4.0,고등
1192,卵,3.0,4.0,중등
1193,浪,3.0,3.5,심화
1194,涼,3.0,3.5,심화
1195,柳,3.0,4.0,심화
1196,晩,3.0,3.5,심화
1197,忙,3.0,3.0,심화
1198,免,3.0,3.5,심화
1199,勉,3.0,4.0,중등
1200,暮,3.0,3.0,심화
1201,墓,3.0,4.0,고등
1202,墨,3.0,3.5,심화
1203,勿,3.0,3.5,심화
1204,杯,3.0,3.0,심화
1205,凡,3.0,3.5,심화
1206,犯,3.0,4.0,고등
1207,扶,3.0,3.5,심화
1208,浮,3.0,3.5,심화
1209,朋,3.0,3.0,심화
1210,射,3.0,4.0,중등
1211,傷,3.0,4.0,심화
1212,尙,3.0,3.5,중등
1213,喪,3.0,3.5,심화
1214,暑,3.0,3.0,심화
1215,昔,3.0,3.0,심화
1216,惜,3.0,3.5,심화
1217,損,3.0,4.0,고등
1218,壽,3.0,3.5,심화
1219,叔,3.0,4.0,심화
1220,淑,3.0,3.5,심화
1221,崇,3.0,4.0,심화
1222,乘,3.0,3.5,심화
1223,施,3.0,4.5,중등
1224,深,3.0,4.5,심화
1225,我,3.0,3.5,심화
1226,巖,3.0,3.5,심화
1227,仰,3.0,3.5,심화
1228,哀,3.0,3.5,심화
1229,也,3.0,3.0,심화
1230,揚,3.0,3.5,심화
1231,於,3.0,3.0,심화
1232,憶,3.0,3.5,심화
1233,嚴,3.0,4.0,심화
1234,余,3.0,3.0,심화
1235,汝,3.0,3.0,심화
1236,亦,3.0,3.5,심화
1237,域,3.0,4.0,고등
1238,悅,3.0,3.5,심화
1239,炎,3.0,3.5,심화
1240,吾,3.0,3.0,심화
1241,悟,3.0,3.5,심화
1242,烏,3.0,3.5,중등
1243,瓦,3.0,3.5,심화
1244,曰,3.0,3.0,심화
1245,欲,3.0,3.5,심화
1246,于,3.0,3.0,심화
1247,宇,3.0,3.5,중등
1248,又,3.0,3.0,심화
1249,尤,3.0,3.0,심화
1250,憂,3.0,3.5,심화
1251,云,3.0,3.0,심화
1252,源,3.0,4.0,고등
1253,怨,3.0,4.0,심화
1254,威,3.0,4.0,심화
1255,猶,3.0,3.5,심화
1256,儒,3.0,4.0,고등
1257,唯,3.0,3.0,심화
1258,柔,3.0,3.5,심화
1259,幼,3.0,3.5,심화
1260,吟,3.0,3.0,심화
1261,泣,3.0,3.0,심화
1262,易,3.0,4.0,중등
1263,已,3.0,3.5,심화
1264,忍,3.0,3.5,심화
1265,仁,3.0,4.0,중등
1266,慈,3.0,3.5,심화
1267,栽,3.0,3.5,심화
1268,哉,3.0,3.0,심화
1269,淨,3.0,3.5,심화
1270,帝,3.0,4.0,중등
1271,從,3.0,4.0,심화
1272,宙,3.0,3.5,중등
1273,卽,3.0,3.5,심화
1274,曾,3.0,3.5,심화
1275,只,3.0,3.0,심화
1276,枝,3.0,3.5,심화
1277,之,3.0,3.5,심화
1278,智,3.0,4.0,고등
1279,執,3.0,3.5,심화
1280,且,3.0,3.0,심화
1281,此,3.0,3.5,심화
1282,借,3.0,3.5,심화
1283,昌,3.0,3.5,심화
1284,採,3.0,4.0,심화
1285,妻,3.0,3.5,심화
1286,尺,3.0,3.5,심화
1287,泉,3.0,4.0,심화
1288,淺,3.0,3.5,심화
1289,晴,3.0,3.0,심화
1290,招,3.0,4.0,심화
1291,推,3.0,4.0,심화
1292,就,3.0,4.0,심화
1293,吹,3.0,3.5,심화
1294,層,3.0,4.0,고등
1295,泰,3.0,3.5,심화
1296,投,3.0,4.0,심화
1297,抱,3.0,3.0,심화
1298,楓,3.0,3.5,심화
1299,彼,3.0,3.5,심화
1300,匹,3.0,3.0,심화
1301,何,3.0,3.5,심화
1302,恨,3.0,4.0,심화
1303,恒,3.0,3.5,심화
1304,刑,3.0,4.0,심화
1305,乎,3.0,3.0,심화
1306,或,3.0,4.0,심화
1307,混,3.0,4.0,심화
1308,婚,3.0,4.0,중등
1309,歡,3.0,4.0,심화
1310,厚,3.0,4.0,심화
1311,喜,3.0,4.0,심화
1312,佳,3.5,3.5,심화
1313,假,3.5,4.5,심화
1314,干,3.5,4.0,중등
1315,康,3.5,4.5,고등
1316,更,3.5,4.0,심화
1317,巨,3.5,4.0,심화
1318,檢,3.5,4.5,고등
1319,儉,3.5,4.0,고등
1320,潔,3.5,4.5,심화
1321,慶,3.5,4.5,중등
1322,庚,3.5,3.0,심화
1323,境,3.5,4.5,고등
1324,戒,3.5,4.0,고등
1325,溪,3.5,3.5,심화
1326,庫,3.5,4.0,고등
1327,官,3.5,4.5,중등
1328,句,3.5,4.5,중등
1329,弓,3.5,3.5,중등
1330,權,3.5,4.5,중등
1331,歸,3.5,4.0,심화
1332,均,3.5,4.0,심화
1333,及,3.5,3.5,심화
1334,暖,3.5,4.5,심화
1335,乃,3.5,3.0,심화
1336,怒,3.5,4.5,심화
1337,努,3.5,4.5,고등
1338,丹,3.5,3.5,중등
1339,單,3.5,4.5,중등
1340,斷,3.5,4.5,고등
1341,徒,3.5,4.0,심화
1342,斗,3.5,4.5,중등
1343,得,3.5,4.5,중등
1344,燈,3.5,4.5,심화
1345,烈,3.5,4.0,심화
1346,列,3.5,4.5,중등
1347,倫,3.5,3.5,심화
1348,滿,3.5,4.5,중등
1349,忘,3.5,3.0,심화
1350,卯,3.5,3.0,심화
1351,妙,3.5,4.0,심화
1352,戊,3.5,3.0,심화
1353,務,3.5,4.5,중등
1354,尾,3.5,3.5,심화
1355,密,3.5,4.5,중등
1356,房,3.5,4.5,심화
1357,拜,3.5,4.5,중등
1358,伐,3.5,4.5,심화
1359,丙,3.5,3.5,심화
1360,保,3.5,4.5,중등
1361,寶,3.5,4.5,고등
1362,復,3.5,4.5,중등
1363,伏,3.5,4.0,심화
1364,否,3.5,4.0,심화
1365,佛,3.5,4.5,심화
1366,悲,3.5,4.5,심화
1367,巳,3.5,3.0,심화
1368,寺,3.5,4.5,중등
1369,散,3.5,4.0,심화
1370,殺,3.5,4.5,중등
1371,狀,3.5,4.5,고등
1372,想,3.5,4.5,중등
1373,床,3.5,4.5,고등
1374,掃,3.5,4.5,고등
1375,俗,3.5,4.5,중등
1376,松,3.5,4.0,심화
1377,愁,3.5,3.5,심화
1378,收,3.5,4.5,중등
1379,修,3.5,4.5,심화
1380,受,3.5,4.5,중등
1381,戌,3.5,3.0,심화
1382,拾,3.5,3.5,심화
1383,承,3.5,4.5,심화
1384,息,3.5,4.5,고등
1385,煙,3.5,4.5,심화
1386,營,3.5,4.0,고등
1387,榮,3.5,4.5,중등
1388,容,3.5,4.5,중등
1389,圓,3.5,4.5,심화
1390,員,3.5,4.5,고등
1391,危,3.5,4.0,심화
1392,乳,3.5,4.0,고등
1393,乙,3.5,3.5,심화
1394,應,3.5,4.5,중등
1395,依,3.5,4.0,심화
1396,引,3.5,4.5,중등
1397,印,3.5,4.5,심화
1398,寅,3.5,3.0,심화
1399,壹,3.5,2.0,심화
1400,壬,3.5,3.5,심화
1401,壯,3.5,4.0,심화
1402,專,3.5,4.0,고등
1403,接,3.5,4.5,중등
1404,丁,3.5,4.0,심화
1405,井,3.5,3.5,심화
1406,制,3.5,4.5,고등
1407,兆,3.5,3.5,중등
1408,尊,3.5,4.5,심화
1409,宗,3.5,4.5,중등
1410,朱,3.5,4.0,심화
1411,持,3.5,4.0,심화
1412,指,3.5,4.5,중등
1413,創,3.5,4.5,고등
1414,冊,3.5,4.0,중등
1415,丑,3.5,3.0,심화
1416,取,3.5,4.5,중등
1417,治,3.5,4.5,중등
1418,快,3.5,4.5,중등
1419,探,3.5,4.0,심화
1420,判,3.5,4.0,중등
1421,片,3.5,3.5,중등
1422,布,3.5,4.5,심화
1423,暴,3.5,4.5,심화
1424,包,3.5,4.5,고등
1425,亥,3.5,3.0,심화
1426,呼,3.5,4.5,심화
1427,戶,3.5,4.5,심화
1428,候,3.5,4.0,고등
1429,吸,3.5,4.5,고등
1430,希,3.5,4.5,중등
1431,價,4.0,5.5,중등
1432,減,4.0,4.5,심화
1433,改,4.0,5.0,중등
1434,個,4.0,4.5,중등
1435,擧,4.0,5.0,중등
1436,件,4.0,5.0,고등
1437,建,4.0,5.0,중등
1438,健,4.0,5.0,고등
1439,景,4.0,5.0,중등
1440,季,4.0,4.0,중등
1441,故,4.0,4.5,중등
1442,固,4.0,5.0,중등
1443,廣,4.0,5.5,중등
1444,橋,4.0,5.0,심화
1445,久,4.0,3.5,중등
1446,求,4.0,4.5,중등
1447,救,4.0,5.0,중등
1448,具,4.0,5.5,고등
1449,局,4.0,5.5,고등
1450,君,4.0,4.0,중등
1451,極,4.0,4.5,심화
1452,其,4.0,3.5,중등
1453,基,4.0,5.5,중등
1454,器,4.0,4.5,고등
1455,技,4.0,5.0,중등
1456,汽,4.0,5.0,심화
1457,期,4.0,5.0,중등
1458,念,4.0,5.5,중등
1459,團,4.0,5.5,고등
1460,壇,4.0,5.0,고등
1461,到,4.0,5.5,중등
1462,島,4.0,5.0,중등
1463,獨,4.0,5.5,중등
1464,朗,4.0,5.5,심화
1465,冷,4.0,5.0,중등
1466,兩,4.0,4.5,중등
1467,旅,4.0,5.5,중등
1468,令,4.0,5.0,중등
1469,料,4.0,5.0,중등
1470,律,4.0,4.5,중등
1471,望,4.0,5.5,중등
1472,妹,4.0,4.0,심화
1473,牧,4.0,4.5,고등
1474,武,4.0,4.5,중등
1475,未,4.0,4.5,중등
1476,味,4.0,4.5,중등
1477,倍,4.0,5.0,고등
1478,報,4.0,4.5,중등
1479,婦,4.0,4.5,중등
1480,富,4.0,4.5,중등
1481,備,4.0,4.5,중등
1482,比,4.0,5.0,중등
1483,師,4.0,4.5,중등
1484,査,4.0,5.0,고등
1485,寫,4.0,5.0,고등
1486,商,4.0,5.5,중등
1487,常,4.0,4.5,심화
1488,序,4.0,5.0,중등
1489,仙,4.0,5.5,중등
1490,善,4.0,5.0,중등
1491,星,4.0,4.5,중등
1492,城,4.0,4.5,중등
1493,歲,4.0,5.5,중등
1494,勢,4.0,4.5,중등
1495,束,4.0,5.5,고등
1496,授,4.0,4.5,중등
1497,守,4.0,4.5,중등
1498,是,4.0,4.5,중등
1499,氏,4.0,4.0,중등
1500,惡,4.0,5.5,심화
1501,案,4.0,5.0,중등
1502,暗,4.0,4.5,심화
1503,熱,4.0,5.0,중등
1504,屋,4.0,5.0,중등
1505,完,4.0,5.0,중등
1506,往,4.0,4.5,중등
1507,曜,4.0,5.0,심화
1508,浴,4.0,5.0,중등
1509,爲,4.0,4.5,중등
1510,偉,4.0,5.5,심화
1511,恩,4.0,4.5,중등
1512,姊,4.0,0.0,심화
1513,將,4.0,4.5,중등
1514,災,4.0,5.0,고등
1515,爭,4.0,5.0,중등
1516,低,4.0,4.5,심화
1517,敵,4.0,4.5,심화
1518,傳,4.0,5.5,중등
1519,切,4.0,5.5,고등
1520,店,4.0,5.5,중등
1521,情,4.0,5.5,중등
1522,停,4.0,5.0,심화
1523,政,4.0,4.5,중등
1524,助,4.0,4.5,중등
1525,早,4.0,4.5,중등
1526,操,4.0,5.0,고등
1527,存,4.0,4.0,중등
1528,坐,4.0,3.5,심화
1529,增,4.0,4.5,중등
1530,志,4.0,4.5,중등
1531,支,4.0,4.5,중등
1532,次,4.0,4.5,중등
1533,察,4.0,4.5,중등
1534,唱,4.0,5.0,중등
1535,最,4.0,5.0,중등
1536,忠,4.0,4.5,중등
1537,則,4.0,5.0,중등
1538,他,4.0,5.0,심화
1539,打,4.0,5.0,중등
1540,卓,4.0,5.0,고등
1541,炭,4.0,5.0,고등
1542,宅,4.0,5.5,중등
1543,波,4.0,4.5,중등
1544,板,4.0,5.0,고등
1545,敗,4.0,5.0,중등
1546,寒,4.0,5.0,심화
1547,害,4.0,5.5,중등
1548,協,4.0,4.5,중등
1549,惠,4.0,4.5,중등
1550,好,4.0,4.5,중등
1551,湖,4.0,5.0,중등
1552,患,4.0,5.0,중등
1553,回,4.0,4.5,중등
1554,效,4.0,5.5,중등
1555,加,4.5,5.0,중등
1556,可,4.5,5.0,중등
1557,感,4.5,6.0,중등
1558,客,4.5,5.5,중등
1559,格,4.5,5.5,고등
1560,決,4.5,5.5,중등
1561,敬,4.5,5.5,중등
1562,告,4.5,5.5,중등
1563,曲,4.5,5.0,중등
1564,公,4.5,6.5,중등
1565,果,4.5,6.5,중등
1566,球,4.5,6.5,고등
1567,根,4.5,6.0,중등
1568,吉,4.5,5.0,중등
1569,堂,4.5,6.5,중등
1570,待,4.5,6.0,심화
1571,德,4.5,5.5,중등
1572,度,4.5,6.0,중등
1573,圖,4.5,6.5,중등
1574,動,4.5,7.5,중등
1575,歷,4.5,5.5,중등
1576,例,4.5,6.0,중등
1577,勞,4.5,5.5,중등
1578,流,4.5,5.5,중등
1579,李,4.5,6.0,심화
1580,亡,4.5,5.0,중등
1581,朴,4.5,6.0,심화
1582,反,4.5,6.5,중등
1583,法,4.5,5.5,중등
1584,兵,4.5,5.5,중등
1585,服,4.5,6.0,중등
1586,奉,4.5,5.5,중등
1587,冰,4.5,0.0,심화
1588,仕,4.5,5.5,중등
1589,史,4.5,5.5,중등
1590,思,4.5,5.0,중등
1591,使,4.5,6.0,중등
1592,席,4.5,6.0,중등
1593,洗,4.5,5.5,중등
1594,消,4.5,6.5,중등
1595,孫,4.5,6.0,중등
1596,樹,4.5,6.0,심화
1597,數,4.5,7.0,중등
1598,宿,4.5,5.5,심화
1599,勝,4.5,6.0,중등
1600,始,4.5,6.5,중등
1601,式,4.5,6.0,중등
1602,實,4.5,5.5,중등
1603,失,4.5,6.0,중등
1604,兒,4.5,5.5,중등
1605,愛,4.5,6.0,중등
1606,洋,4.5,6.0,중등
1607,漁,4.5,5.0,중등
1608,億,4.5,5.0,심화
1609,業,4.5,6.5,중등
1610,如,4.5,4.5,심화
1611,然,4.5,7.0,중등
1612,溫,4.5,6.0,중등
1613,勇,4.5,6.5,중등
1614,園,4.5,6.0,중등
1615,油,4.5,6.0,중등
1616,以,4.5,5.5,중등
1617,因,4.5,5.0,중등
1618,任,4.5,5.5,고등
1619,昨,4.5,6.5,심화
1620,再,4.5,5.0,중등
1621,在,4.5,6.0,중등
1622,材,4.5,5.5,중등
1623,典,4.5,5.5,중등
1624,展,4.5,5.5,중등
1625,戰,4.5,6.5,중등
1626,定,4.5,6.0,중등
1627,庭,4.5,6.5,중등
1628,族,4.5,6.0,중등
1629,卒,4.5,5.5,중등
1630,州,4.5,5.5,고등
1631,注,4.5,6.5,중등
1632,止,4.5,5.0,중등
1633,參,4.5,5.5,중등
1634,淸,4.5,6.5,중등
1635,初,4.5,5.0,중등
1636,充,4.5,5.5,중등
1637,特,4.5,6.0,중등
1638,品,4.5,5.5,중등
1639,必,4.5,5.5,중등
1640,河,4.5,5.0,중등
1641,幸,4.5,6.5,중등
1642,現,4.5,6.5,중등
1643,化,4.5,5.5,중등
1644,凶,4.5,5.5,중등
1645,歌,5.0,7.0,중등
1646,家,5.0,7.5,중등
1647,各,5.0,6.5,중등
1648,强,5.0,0.0,중등
1649,去,5.0,5.0,중등
1650,京,5.0,6.0,중등
1651,功,5.0,6.5,중등
1652,共,5.0,6.5,중등
1653,光,5.0,6.5,중등
1654,敎,5.0,8.0,중등
1655,交,5.0,6.0,중등
1656,校,5.0,8.0,중등
1657,區,5.0,6.0,고등
1658,國,5.0,8.0,중등
1659,急,5.0,6.5,심화
1660,旗,5.0,7.0,고등
1661,氣,5.0,7.5,중등
1662,多,5.0,6.0,중등
1663,對,5.0,6.5,중등
1664,代,5.0,6.5,중등
1665,刀,5.0,3.5,중등
1666,冬,5.0,7.0,중등
1667,洞,5.0,7.0,중등
1668,樂,5.0,6.5,중등
1669,來,5.0,7.0,중등
1670,理,5.0,6.5,중등
1671,利,5.0,6.5,중등
1672,每,5.0,7.5,중등
1673,命,5.0,7.0,중등
1674,明,5.0,6.5,중등
1675,毛,5.0,4.5,중등
1676,無,5.0,5.0,중등
1677,問,5.0,7.0,중등
1678,物,5.0,7.5,중등
1679,民,5.0,8.0,중등
1680,班,5.0,6.5,고등
1681,半,5.0,6.5,중등
1682,放,5.0,6.5,중등
1683,別,5.0,6.0,중등
1684,步,5.0,4.5,중등
1685,分,5.0,6.5,중등
1686,事,5.0,7.5,중등
1687,死,5.0,6.0,중등
1688,書,5.0,6.5,중등
1689,性,5.0,5.5,중등
1690,成,5.0,6.5,중등
1691,所,5.0,7.0,중등
1692,時,5.0,7.5,중등
1693,市,5.0,7.5,중등
1694,植,5.0,7.0,중등
1695,信,5.0,6.5,중등
1696,新,5.0,6.5,중등
1697,室,5.0,8.0,중등
1698,安,5.0,7.5,중등
1699,夜,5.0,6.0,중등
1700,弱,5.0,6.5,중등
1701,永,5.0,6.0,중등
1702,午,5.0,7.5,중등
1703,友,5.0,5.5,중등
1704,原,5.0,5.0,중등
1705,元,5.0,5.5,중등
1706,有,5.0,7.0,중등
1707,意,5.0,6.5,중등
1708,作,5.0,6.5,중등
1709,場,5.0,7.5,중등
1710,才,5.0,6.5,중등
1711,前,5.0,7.5,중등
1712,全,5.0,7.5,중등
1713,朝,5.0,6.0,중등
1714,晝,5.0,6.0,중등
1715,住,5.0,7.0,중등
1716,村,5.0,7.0,중등
1717,春,5.0,7.0,중등
1718,太,5.0,6.0,중등
1719,便,5.0,7.0,중등
1720,平,5.0,7.5,중등
1721,夏,5.0,7.0,중등
1722,學,5.0,8.0,중등
1723,漢,5.0,7.5,중등
1724,合,5.0,6.0,중등
1725,海,5.0,7.5,중등
1726,形,5.0,6.5,중등
1727,和,5.0,6.5,중등
1728,活,5.0,7.5,중등
1729,會,5.0,6.5,중등
1730,孝,5.0,7.5,중등
1731,後,5.0,7.5,중등
1732,巾,5.5,1.0,심화
1733,古,5.5,6.0,중등
1734,工,5.5,7.5,중등
1735,今,5.5,6.5,중등
1736,同,5.5,7.0,중등
1737,力,5.5,7.5,중등
1738,末,5.5,5.0,중등
1739,文,5.5,7.0,중등
1740,方,5.5,7.5,중등
1741,本,5.5,6.0,중등
1742,夫,5.5,7.0,중등
1743,不,5.5,7.5,중등
1744,士,5.5,5.5,중등
1745,夕,5.5,7.0,중등
1746,世,5.5,7.5,중등
1747,少,5.5,7.0,중등
1748,央,5.5,3.5,고등
1749,王,5.5,8.0,중등
1750,位,5.5,5.0,중등
1751,字,5.5,7.0,중등
1752,正,5.5,7.5,중등
1753,主,5.5,7.0,중등
1754,寸,5.5,8.0,중등
1755,向,5.5,6.0,중등
1756,休,5.5,7.0,중등
1757,犬,6.0,4.0,중등
1758,己,6.0,5.5,중등
1759,林,6.0,7.0,중등
1760,名,6.0,7.5,중등
1761,先,6.0,8.0,중등
1762,姓,6.0,7.5,중등
1763,心,6.0,7.0,중등
1764,玉,6.0,4.5,중등
1765,牛,6.0,5.0,중등
1766,地,6.0,7.0,중등
1767,千,6.0,7.0,중등
1768,天,6.0,7.0,중등
1769,川,6.0,7.0,중등
1770,江,7.0,7.5,중등
1771,口,7.0,7.0,중등
1772,內,7.0,7.5,중등
1773,年,7.0,8.0,중등
1774,大,7.0,8.0,중등
1775,山,7.0,8.0,중등
1776,上,7.0,7.5,중등
1777,小,7.0,8.0,중등
1778,手,7.0,7.5,중등
1779,外,7.0,8.0,중등
1780,右,7.0,7.5,중등
1781,入,7.0,7.0,중등
1782,左,7.0,7.5,중등
1783,中,7.0,8.0,중등
1784,出,7.0,7.0,중등
1785,下,7.0,7.5,중등
1786,九,8.0,8.0,중등
1787,南,8.0,8.0,중등
1788,女,8.0,8.0,중등
1789,東,8.0,8.0,중등
1790,六,8.0,8.0,중등
1791,母,8.0,8.0,중등
1792,木,8.0,8.0,중등
1793,父,8.0,8.0,중등
1794,北,8.0,8.0,중등
1795,四,8.0,8.0,중등
1796,三,8.0,8.0,중등
1797,水,8.0,8.0,중등
1798,十,8.0,8.0,중등
1799,五,8.0,8.0,중등
1800,月,8.0,8.0,중등
1801,二,8.0,8.0,중등
1802,人,8.0,8.0,중등
1803,日,8.0,8.0,중등
1804,一,8.0,8.0,중등
1805,子,8.0,7.5,중등
1806,弟,8.0,8.0,중등
1807,七,8.0,8.0,중등
1808,土,8.0,8.0,중등
1809,八,8.0,8.0,중등
1810,兄,8.0,8.0,중등
1811,火,8.0,8.0,중등
1812,呵,0.0,1.0,심화
1813,哥,0.0,1.0,심화
1814,愾,0.0,1.0,심화
1815,倨,0.0,1.0,심화
1816,偈,0.0,1.0,심화
1817,悸,0.0,1.0,심화
1818,呱,0.0,1.0,심화
1819,梏,0.0,1.0,심화
1820,汨,0.0,1.0,심화
1821,槨,0.0,1.0,심화
1822,刮,0.0,1.0,심화
1823,壙,0.0,1.0,심화
1824,乖,0.0,1.0,심화
1825,咬,0.0,1.0,심화
1826,廏,0.0,1.0,심화
1827,嘔,0.0,1.0,심화
1828,嶇,0.0,1.0,심화
1829,捲,0.0,1.0,심화
1830,几,0.0,1.0,심화
1831,櫃,0.0,1.0,심화
1832,擒,0.0,1.0,심화
1833,朞,0.0,1.0,심화
1834,拮,0.0,1.0,심화
1835,拿,0.0,1.0,심화
1836,儺,0.0,1.0,심화
1837,煖,0.0,1.0,심화
1838,撚,0.0,1.0,심화
1839,涅,0.0,1.0,심화
1840,弩,0.0,1.0,심화
1841,撓,0.0,1.0,심화
1842,憺,0.0,1.0,심화
1843,淘,0.0,1.0,심화
1844,掉,0.0,1.0,심화
1845,滔,0.0,1.0,심화
1846,沌,0.0,1.0,심화
1847,兜,0.0,1.0,심화
1848,橙,0.0,1.0,심화
1849,濾,0.0,1.0,심화
1850,瀝,0.0,1.0,심화
1851,殮,0.0,1.0,심화
1852,囹,0.0,1.0,심화
1853,擄,0.0,1.0,심화
1854,壟,0.0,1.0,심화
1855,牢,0.0,1.0,심화
1856,燎,0.0,1.0,심화
1857,寥,0.0,1.0,심화
1858,寮,0.0,1.0,심화
1859,溜,0.0,1.0,심화
1860,勒,0.0,1.0,심화
1861,燐,0.0,1.0,심화
1862,卍,0.0,1.0,심화
1863,彎,0.0,1.0,심화
1864,抹,0.0,1.0,심화
1865,惘,0.0,1.0,심화
1866,呆,0.0,1.0,심화
1867,暝,0.0,1.0,심화
1868,杳,0.0,1.0,심화
1869,渺,0.0,1.0,심화
1870,媚,0.0,1.0,심화
1871,搏,0.0,1.0,심화
1872,剝,0.0,1.0,심화
1873,樸,0.0,1.0,심화
1874,槃,0.0,1.0,심화
1875,斑,0.0,1.0,심화
1876,攀,0.0,1.0,심화
1877,拌,0.0,1.0,심화
1878,撥,0.0,1.0,심화
1879,尨,0.0,1.0,심화
1880,幇,0.0,1.0,심화
1881,榜,0.0,1.0,심화
1882,枋,0.0,1.0,심화
1883,梵,0.0,1.0,심화
1884,泛,0.0,1.0,심화
1885,劈,0.0,1.0,심화
1886,擘,0.0,1.0,심화
1887,洑,0.0,1.0,심화
1888,匐,0.0,1.0,심화
1889,埠,0.0,1.0,심화
1890,咐,0.0,1.0,심화
1891,扮,0.0,1.0,심화
1892,吩,0.0,1.0,심화
1893,彿,0.0,1.0,심화
1894,棚,0.0,1.0,심화
1895,妣,0.0,1.0,심화
1896,沸,0.0,1.0,심화
1897,憊,0.0,1.0,심화
1898,殯,0.0,1.0,심화
1899,嚬,0.0,1.0,심화
1900,瀕,0.0,1.0,심화
1901,些,0.0,1.0,심화
1902,娑,0.0,1.0,심화
1903,瀉,0.0,1.0,심화
1904,獅,0.0,1.0,심화
1905,珊,0.0,1.0,심화
1906,刪,0.0,1.0,심화
1907,煞,0.0,1.0,심화
1908,滲,0.0,1.0,심화
1909,澁,0.0,1.0,심화
1910,爽,0.0,1.0,심화
1911,孀,0.0,1.0,심화
1912,璽,0.0,1.0,심화
1913,抒,0.0,1.0,심화
1914,犀,0.0,1.0,심화
1915,嶼,0.0,1.0,심화
1916,曙,0.0,1.0,심화
1917,壻,0.0,1.0,심화
1918,潟,0.0,1.0,심화
1919,煽,0.0,1.0,심화
1920,扇,0.0,1.0,심화
1921,屑,0.0,1.0,심화
1922,泄,0.0,1.0,심화
1923,洩,0.0,1.0,심화
1924,渫,0.0,1.0,심화
1925,殲,0.0,1.0,심화
1926,塑,0.0,1.0,심화
1927,梳,0.0,1.0,심화
1928,宵,0.0,1.0,심화
1929,搔,0.0,1.0,심화
1930,灑,0.0,1.0,심화
1931,嫂,0.0,1.0,심화
1932,狩,0.0,1.0,심화
1933,夙,0.0,1.0,심화
1934,丞,0.0,1.0,심화
1935,柿,0.0,1.0,심화
1936,匙,0.0,1.0,심화
1937,熄,0.0,1.0,심화
1938,拭,0.0,1.0,심화
1939,燼,0.0,1.0,심화
1940,宸,0.0,1.0,심화
1941,呻,0.0,1.0,심화
1942,悉,0.0,1.0,심화
1943,什,0.0,1.0,심화
1944,俄,0.0,1.0,심화
1945,堊,0.0,1.0,심화
1946,愕,0.0,1.0,심화
1947,昂,0.0,1.0,심화
1948,怏,0.0,1.0,심화
1949,崖,0.0,1.0,심화
1950,曖,0.0,1.0,심화
1951,扼,0.0,1.0,심화
1952,櫻,0.0,1.0,심화
1953,揶,0.0,1.0,심화
1954,冶,0.0,1.0,심화
1955,爺,0.0,1.0,심화
1956,攘,0.0,1.0,심화
1957,恙,0.0,1.0,심화
1958,圄,0.0,1.0,심화
1959,堰,0.0,1.0,심화
1960,掩,0.0,1.0,심화
1961,奄,0.0,1.0,심화
1962,儼,0.0,1.0,심화
1963,椽,0.0,1.0,심화
1964,焰,0.0,1.0,심화
1965,嬰,0.0,1.0,심화
1966,曳,0.0,1.0,심화
1967,奧,0.0,1.0,심화
1968,懊,0.0,1.0,심화
1969,寤,0.0,1.0,심화
1970,壅,0.0,1.0,심화
1971,渦,0.0,1.0,심화
1972,婉,0.0,1.0,심화
1973,宛,0.0,1.0,심화
1974,玩,0.0,1.0,심화
1975,枉,0.0,1.0,심화
1976,巍,0.0,1.0,심화
1977,猥,0.0,1.0,심화
1978,擾,0.0,1.0,심화
1979,僥,0.0,1.0,심화
1980,凹,0.0,1.0,심화
1981,拗,0.0,1.0,심화
1982,涌,0.0,1.0,심화
1983,嵎,0.0,1.0,심화
1984,殞,0.0,1.0,심화
1985,冤,0.0,1.0,심화
1986,猿,0.0,1.0,심화
1987,揄,0.0,1.0,심화
1988,柚,0.0,1.0,심화
1989,游,0.0,1.0,심화
1990,愉,0.0,1.0,심화
1991,宥,0.0,1.0,심화
1992,戎,0.0,1.0,심화
1993,揖,0.0,1.0,심화
1994,毅,0.0,1.0,심화
1995,椅,0.0,1.0,심화
1996,擬,0.0,1.0,심화
1997,爾,0.0,1.0,심화
1998,弛,0.0,1.0,심화
1999,湮,0.0,1.0,심화
2000,溢,0.0,1.0,심화
2001,佚,0.0,1.0,심화
2002,剩,0.0,1.0,심화
2003,孕,0.0,1.0,심화
2004,仔,0.0,1.0,심화
2005,煮,0.0,1.0,심화
2006,瓷,0.0,1.0,심화
2007,炸,0.0,1.0,심화
2008,勺,0.0,1.0,심화
2009,灼,0.0,1.0,심화
2010,嚼,0.0,1.0,심화
2011,棧,0.0,1.0,심화
2012,檣,0.0,1.0,심화
2013,漿,0.0,1.0,심화
2014,仗,0.0,1.0,심화
2015,滓,0.0,1.0,심화
2016,狙,0.0,1.0,심화
2017,咀,0.0,1.0,심화
2018,嫡,0.0,1.0,심화
2019,狄,0.0,1.0,심화
2020,塡,0.0,1.0,심화
2021,栓,0.0,1.0,심화
2022,廛,0.0,1.0,심화
2023,煎,0.0,1.0,심화
2024,澱,0.0,1.0,심화
2025,剪,0.0,1.0,심화
2026,氈,0.0,1.0,심화
2027,悛,0.0,1.0,심화
2028,奠,0.0,1.0,심화
2029,截,0.0,1.0,심화
2030,挺,0.0,1.0,심화
2031,幀,0.0,1.0,심화
2032,啼,0.0,1.0,심화
2033,梯,0.0,1.0,심화
2034,凋,0.0,1.0,심화
2035,嘲,0.0,1.0,심화
2036,棗,0.0,1.0,심화
2037,槽,0.0,1.0,심화
2038,漕,0.0,1.0,심화
2039,猝,0.0,1.0,심화
2040,慫,0.0,1.0,심화
2041,挫,0.0,1.0,심화
2042,呪,0.0,1.0,심화
2043,嗾,0.0,1.0,심화
2044,樽,0.0,1.0,심화
2045,櫛,0.0,1.0,심화
2046,汁,0.0,1.0,심화
2047,咫,0.0,1.0,심화
2048,摯,0.0,1.0,심화
2049,枳,0.0,1.0,심화
2050,嗔,0.0,1.0,심화
2051,帙,0.0,1.0,심화
2052,桎,0.0,1.0,심화
2053,嫉,0.0,1.0,심화
2054,朕,0.0,1.0,심화
2055,澄,0.0,1.0,심화
2056,嗟,0.0,1.0,심화
2057,搾,0.0,1.0,심화
2058,撰,0.0,1.0,심화
2059,擦,0.0,1.0,심화
2060,塹,0.0,1.0,심화
2061,僭,0.0,1.0,심화
2062,懺,0.0,1.0,심화
2063,槍,0.0,1.0,심화
2064,娼,0.0,1.0,심화
2065,猖,0.0,1.0,심화
2066,廠,0.0,1.0,심화
2067,倡,0.0,1.0,심화
2068,愴,0.0,1.0,심화
2069,漲,0.0,1.0,심화
2070,寨,0.0,1.0,심화
2071,柵,0.0,1.0,심화
2072,凄,0.0,1.0,심화
2073,滌,0.0,1.0,심화
2074,擲,0.0,1.0,심화
2075,擅,0.0,1.0,심화
2076,喘,0.0,1.0,심화
2077,凸,0.0,1.0,심화
2078,僉,0.0,1.0,심화
2079,帖,0.0,1.0,심화
2080,牒,0.0,1.0,심화
2081,涕,0.0,1.0,심화
2082,憔,0.0,1.0,심화
2083,樵,0.0,1.0,심화
2084,梢,0.0,1.0,심화
2085,炒,0.0,1.0,심화
2086,忖,0.0,1.0,심화
2087,塚,0.0,1.0,심화
2088,撮,0.0,1.0,심화
2089,槌,0.0,1.0,심화
2090,樞,0.0,1.0,심화
2091,墜,0.0,1.0,심화
2092,椎,0.0,1.0,심화
2093,悴,0.0,1.0,심화
2094,娶,0.0,1.0,심화
2095,幟,0.0,1.0,심화
2096,嗤,0.0,1.0,심화
2097,熾,0.0,1.0,심화
2098,楕,0.0,1.0,심화
2099,宕,0.0,1.0,심화
2100,攄,0.0,1.0,심화
2101,慟,0.0,1.0,심화
2102,慝,0.0,1.0,심화
2103,爬,0.0,1.0,심화
2104,悖,0.0,1.0,심화
2105,唄,0.0,1.0,심화
2106,愎,0.0,1.0,심화
2107,斃,0.0,1.0,심화
2108,匍,0.0,1.0,심화
2109,圃,0.0,1.0,심화
2110,咆,0.0,1.0,심화
2111,曝,0.0,1.0,심화
2112,慓,0.0,1.0,심화
2113,剽,0.0,1.0,심화
2114,悍,0.0,1.0,심화
2115,檻,0.0,1.0,심화
2116,喊,0.0,1.0,심화
2117,咳,0.0,1.0,심화
2118,劾,0.0,1.0,심화
2119,嚮,0.0,1.0,심화
2120,噓,0.0,1.0,심화
2121,歇,0.0,1.0,심화
2122,哄,0.0,1.0,심화
2123,宦,0.0,1.0,심화
2124,慌,0.0,1.0,심화
2125,爻,0.0,1.0,심화
2126,哮,0.0,1.0,심화
2127,朽,0.0,1.0,심화
2128,嗅,0.0,1.0,심화
2129,吼,0.0,1.0,심화
2130,暈,0.0,1.0,심화
2131,喙,0.0,1.0,심화
2132,卉,0.0,1.0,심화
2133,恤,0.0,1.0,심화
2134,兇,0.0,1.0,심화
2135,洶,0.0,1.0,심화
2136,歆,0.0,1.0,심화
2137,崗,0.0,2.0,심화
2138,悳,0.0,2.0,심화
2139,樑,0.0,2.0,심화
2140,昞,0.0,2.0,심화
2141,暎,0.0,2.0,심화
2142,熔,0.0,2.0,심화
2143,妊,0.0,2.0,심화
2144,獐,0.0,2.0,심화
2145,沮,0.0,2.0,심화
2146,晋,0.0,2.0,심화
2147,楸,0.0,2.0,심화
2148,澔,0.0,2.0,심화
2149,峯,0.0,3.5,고등
2150,兔,0.0,3.5,심화
2151,姉,0.0,4.0,심화
2152,氷,0.0,5.0,중등
2153,強,0.0,6.0,심화
2154,戱,0.0,0.0,고등
